{"f1": 0.9255962233952729, "recall": 0.9255266338599673, "precision": 0.9259763801721436, "auc": 0.9923505450873898}